description,gender
sing rhythm,male
im author novels filled family drama romance,male
louis whining squealing,male
mobile guy ers shazam google kleiner perkins yahoo sprint pcs airtouch air force stanford gsb uva dad husband brother golfer,male
secret getting ahead getting started,male
enthusiastic f fan model collector music fan film fanatic also aspergian,male
start,male
bsc economics graduate coys,male
rlwriter lewd aspiring femboy enjoys oneechans girlcock rts softcore rnsfw accounts listed,male
award winning author paranormal romance thriller hath fury technology writer httptcolmmiowenqq asmsg,male
ksmootyi drink alot could worse im scrolling girls nudes watching brady beat team patsnation suprememeninist alwaysturnt,male
free bros ebk otr real kno grind wea come,male
lover women dogscats dogs movies comics tv video games books wrestling existentialism adult ent,male
militante obrero de los sueos revolucionarios desde toda la vida chavista de corazn comandante vives xpre,male
baby im perfect niallofficial,male
kennedy j abulala ni mwalimu anayeienzi kazi yakemwalimu wa kiswahili,male
krothedjgmailcom instagram djkro,male
living life top food chain,male
home office business sweet business,male
warholian obsessor creating within orwellian nightmare allsceneeye larecord,male
blades instagram scottryan,male
curious guy,male
photography bookings enquiries dm call email abphotographygmailcom instaabphotography teamchrist,male
angel could,male
following money opening governance fighting corruption globalintegrity opengovhub tweets,male
apollo bot pulling aj dd randomly posts every hour spoilers abound construction progress complete,male
like snow beautiful cold im legal drug dealer originalextraordinary psychic want know better talk,male
lover truth seeker knowledge,male
chase trends make statement hoodlyfe httpstcoabfakidjb,male
repair makes models phones tablets mp players ive professionally repairing electronic equipment since,male
sportswriter cigar lover dreamer pro writer sportsblog ustadium ambassador suffering yankeesnetsjets fan fau,male
maker conceptor creative developer xbacabd conception geek dev agile neutralite opensource privacy copyright,male
calm cool,male
doctorate physics time olympic swimming gold medalist professional liar,male
dont take tweets serious shrugs shit happens look link pin reason,male
freeza ripnazerah,male
idiot baltimore thinks funny,male
computer engineer khalifa university,male
born london grew basildon lived cornwall sea makes sense thats fine,male
signed,male
journalist producer camanpour cnni always open spicy taco views rt endorsement duh,male
hollow heart,male
magnificent fujoshi scum,male
everything need news crews presence,male
helping build supercomputer noones making giant robots anyhow keeping busy send mars tweets ccby httptcomtenmjdxx,male
looking miracle youre fucking right one jess,male
ultimate gourmet coffee store espresso whole bean coffee httpstcouppcrfrsq httpstcosnemypeak,male
christian conservative baptist believer constitution founders book business republican theologian historian,male
marinasdiamonds dailymatd wed already performed v alternative pop lie,male
tweeting things around pennsylvania like enjoy interested twitter marketing save today infonicolamarketingcom,male
ricky wilson best frontmankaiser chiefs best band xxxx thank kaiser chiefs incredible year gigs memories cherish always xxxxxxx,female
dont know,female
pll fan crazy mcd ramen bae,female
renaissance art historian university nottingham fuelled haribo partial coffee soft spot renaissance china national teaching fellow,female
senior xixiimmxiv,female
im tp bo burnham disney world,female
jmkm,female
artisan specializing paper mache printmaking fibre art art teacher cat devotee find page fb httpstcogbstgicv,female
bled died take away sins,female
union j xxxx,female
wife coach mom eight troops follower christ,female
dms closed sc dearmoonshine,female
selfproclaimed princess occasional pain ass,female
penn state alum classof,female
slightly ginger blue eyes park run,female
nss ipgkk,female
goodmorning mentions anyone retweeet must follow back fav follow,female
control jpn version zoeojbot rayarkimplosion,female
like sleep,female
ask questions youll get lies spoopytaylor,female
born czech republic live ireland wanna germany ouat oitnb,female
retired bad girl queen,female
walk faith sight,female
h ncisla bones castle arrow chicago fire chicago pd poi elementary tbbt agents shield greys anatomy last ship callen mcroll ajax lfc bara rafa nadal,female
wife tidy boy amadeus director ideal place proud mother max mozart,female
lie gets halfway around world truth chance get pants,female
calm collected followbackandsee,female
artist reevaluating life radiation oncology student want make difference comedian rulebreaker forcelectures live drawz httptconsfzdhfy,female
hi name angela friends call angie boring life consisting college work nothing post bio,female
charity volunteer,female
retro modernist suffering unsightly visibility,female
trust people like big butts cannot lie,female
community outreach medicaid managed care board member united way chicago gerontology advocate underserved communities isu alumni,female
ventas digitales ibm espaa todas mis opiniones son personales las hay de todos los colores tambin puedes contactarme en httptcourxhr,female
f p f,female
youre catalyst happiness,female
studying dillard university drwilliams,female
leonel dominic,female
quit paying expensive medical visits fake fixes eliminate frustrating nagging constantly repeating low back pain,female
brain bodily organ starts working moment awake stop get class,female
ja online gist entertainment news musics videos events celebrity focus interviews life style fashion videodirectormcexpy,female
hurts let go sometimes seems harder try hold something someone wants get away,female
girl love god pole vaulting lifting reading horseback riding passions country loving small town girl,female
days want world peace days want burn world,female
ento est bem sporting clube de portugal,female
islands official magical creature omg cant ask im white avi header barnqueenacc rwellbeing ambassador,female
train like youve picked hunger games,female
year old married broad makeup artiststylist raising beautiful girls strong beautiful womenwife roughneck,female
creolemixedborninneworleansraisedintexaslove godfamilyfriendseducationsleeptextfoodmoviesmusicclothes makeupnatureanimals colors,female
hi name louanne great fan justin bieber love,female
