description,encoded_gender
sing rhythm,1
im author novels filled family drama romance,1
louis whining squealing,1
mobile guy ers shazam google kleiner perkins yahoo sprint pcs airtouch air force stanford gsb uva dad husband brother golfer,1
secret getting ahead getting started,1
enthusiastic f fan model collector music fan film fanatic also aspergian,1
start,1
bsc economics graduate coys,1
rlwriter lewd aspiring femboy enjoys oneechans girlcock rts softcore rnsfw accounts listed,1
award winning author paranormal romance thriller hath fury technology writer httptcolmmiowenqq asmsg,1
ksmootyi drink alot could worse im scrolling girls nudes watching brady beat team patsnation suprememeninist alwaysturnt,1
free bros ebk otr real kno grind wea come,1
lover women dogscats dogs movies comics tv video games books wrestling existentialism adult ent,1
militante obrero de los sueos revolucionarios desde toda la vida chavista de corazn comandante vives xpre,1
baby im perfect niallofficial,1
kennedy j abulala ni mwalimu anayeienzi kazi yakemwalimu wa kiswahili,1
krothedjgmailcom instagram djkro,1
living life top food chain,1
home office business sweet business,1
warholian obsessor creating within orwellian nightmare allsceneeye larecord,1
blades instagram scottryan,1
curious guy,1
photography bookings enquiries dm call email abphotographygmailcom instaabphotography teamchrist,1
angel could,1
following money opening governance fighting corruption globalintegrity opengovhub tweets,1
apollo bot pulling aj dd randomly posts every hour spoilers abound construction progress complete,1
like snow beautiful cold im legal drug dealer originalextraordinary psychic want know better talk,1
lover truth seeker knowledge,1
chase trends make statement hoodlyfe httpstcoabfakidjb,1
repair makes models phones tablets mp players ive professionally repairing electronic equipment since,1
sportswriter cigar lover dreamer pro writer sportsblog ustadium ambassador suffering yankeesnetsjets fan fau,1
maker conceptor creative developer xbacabd conception geek dev agile neutralite opensource privacy copyright,1
calm cool,1
doctorate physics time olympic swimming gold medalist professional liar,1
dont take tweets serious shrugs shit happens look link pin reason,1
freeza ripnazerah,1
idiot baltimore thinks funny,1
computer engineer khalifa university,1
born london grew basildon lived cornwall sea makes sense thats fine,1
signed,1
journalist producer camanpour cnni always open spicy taco views rt endorsement duh,1
hollow heart,1
magnificent fujoshi scum,1
everything need news crews presence,1
helping build supercomputer noones making giant robots anyhow keeping busy send mars tweets ccby httptcomtenmjdxx,1
looking miracle youre fucking right one jess,1
ultimate gourmet coffee store espresso whole bean coffee httpstcouppcrfrsq httpstcosnemypeak,1
christian conservative baptist believer constitution founders book business republican theologian historian,1
marinasdiamonds dailymatd wed already performed v alternative pop lie,1
tweeting things around pennsylvania like enjoy interested twitter marketing save today infonicolamarketingcom,1
ricky wilson best frontmankaiser chiefs best band xxxx thank kaiser chiefs incredible year gigs memories cherish always xxxxxxx,0
dont know,0
pll fan crazy mcd ramen bae,0
renaissance art historian university nottingham fuelled haribo partial coffee soft spot renaissance china national teaching fellow,0
senior xixiimmxiv,0
im tp bo burnham disney world,0
jmkm,0
artisan specializing paper mache printmaking fibre art art teacher cat devotee find page fb httpstcogbstgicv,0
bled died take away sins,0
union j xxxx,0
wife coach mom eight troops follower christ,0
dms closed sc dearmoonshine,0
selfproclaimed princess occasional pain ass,0
penn state alum classof,0
slightly ginger blue eyes park run,0
nss ipgkk,0
goodmorning mentions anyone retweeet must follow back fav follow,0
control jpn version zoeojbot rayarkimplosion,0
like sleep,0
ask questions youll get lies spoopytaylor,0
born czech republic live ireland wanna germany ouat oitnb,0
retired bad girl queen,0
walk faith sight,0
h ncisla bones castle arrow chicago fire chicago pd poi elementary tbbt agents shield greys anatomy last ship callen mcroll ajax lfc bara rafa nadal,0
wife tidy boy amadeus director ideal place proud mother max mozart,0
lie gets halfway around world truth chance get pants,0
calm collected followbackandsee,0
artist reevaluating life radiation oncology student want make difference comedian rulebreaker forcelectures live drawz httptconsfzdhfy,0
hi name angela friends call angie boring life consisting college work nothing post bio,0
charity volunteer,0
retro modernist suffering unsightly visibility,0
trust people like big butts cannot lie,0
community outreach medicaid managed care board member united way chicago gerontology advocate underserved communities isu alumni,0
ventas digitales ibm espaa todas mis opiniones son personales las hay de todos los colores tambin puedes contactarme en httptcourxhr,0
f p f,0
youre catalyst happiness,0
studying dillard university drwilliams,0
leonel dominic,0
quit paying expensive medical visits fake fixes eliminate frustrating nagging constantly repeating low back pain,0
brain bodily organ starts working moment awake stop get class,0
ja online gist entertainment news musics videos events celebrity focus interviews life style fashion videodirectormcexpy,0
hurts let go sometimes seems harder try hold something someone wants get away,0
girl love god pole vaulting lifting reading horseback riding passions country loving small town girl,0
days want world peace days want burn world,0
ento est bem sporting clube de portugal,0
islands official magical creature omg cant ask im white avi header barnqueenacc rwellbeing ambassador,0
train like youve picked hunger games,0
year old married broad makeup artiststylist raising beautiful girls strong beautiful womenwife roughneck,0
creolemixedborninneworleansraisedintexaslove godfamilyfriendseducationsleeptextfoodmoviesmusicclothes makeupnatureanimals colors,0
hi name louanne great fan justin bieber love,0
