Tweet,Emotion
false alarm matoma amp becky hill,anger
im tired everybody telling chill everythings ok fuck im tired faking fucking smile,anger
im serious putting word mouth bitch dont add sentence didnt say shit blood,anger
someone make priority list thing outraged order outrage racism animalrights abortion cop,anger
teapartyorg he right civil war start wall wall terrorism dont fancy muzzys chance,anger
harboring osama bin laden relationship haqqani network enough evidence prove pakistan sponsoring terrorism,anger
tomorrow last episode despair arc much shit gonna happen im emotionally prepared,anticipation
pastor foot away shooting victim protest say skeptical official story charlotteprotest charlotteriot,anticipation
guy dating yet trans nervous blowjob tfb dating mack north ohio bewdley,anticipation
collect time minerva would chew cape begin shiver run hand hair nnyou surelynardentflier,anticipation
page script due friday class said could mfa thing gradschoolproblems someonetelltinafeytohireme,anticipation
omg actually thought going jump southpark southpark,anticipation
dont know expect brendons video lmao la devotee video got shook,anticipation
lanewoolery ffkazman experience play role education preparedness fear,anticipation
montelwilliams ban go harm many people disabled veteran people chronicpain iamkratom,disgust
patblanchfield mean like uber despair someone driver,disgust
awful,disgust
thehill george h establishment unhappy trump campaign branded son lowenergy could beaten others either,disgust
sky news still pushing brexit gloom line managing ignore fact simply happening future,disgust
leave rulenimber carpet cleaning worsethananatomicbomb accidentlyspillbeeronthecarpet,disgust
vladfucker look rabid,disgust
michaelsalfino still destroys fear walking dead show horrible,disgust
mcauleyross rojo awful,disgust
metpolicefc true none player cop drink chilled bitter player walter mitty type keviboyallen,disgust
steviet talksport sound like broadcasted someone basement quality amateur,disgust
wake fresh terror threat sounding alert mumbai praying safety amp security everybody city maharashtra news,fear
andreasarahco actually heely campus bc scare,fear
hmiglino cparks cocowms bodyfit truthequalsfact politicususa never anxious election life,fear
old lady cray cray scared bellaissocute awe empire,fear
hi name anxiety shaun,fear
hope sleep nightmare bakewell tart yuk gbbo,fear
kennycoble rosie horrific situation get worse trump elected vote hillary,fear
leafyishere showing biceps scare,fear
courage cowardly dog like american horror story kid,fear
induction day tomorrow pizza express nervous,fear
seanunfiltered texan scared bunch,fear
india afraid bad,fear
man u lose may actually nervous breakdown,fear
thats cute atsu probably shy photo cherry helped uwu,joy
manchester derby home,joy
want playful relationshipnme kick couch,joy
happy birthday stephen king man responsible best horror past year whole bunch worst,joy
thank disney themed episode letting discover amazing blackishwriters hilarious,joy
radiox chrismoyles wow heard forever random great sting xph,joy
happy birthday lost lost dharmainitiative year september oceanic,joy
ff nnthefamilyx nnsoul blue amp rock bandnnmusic heartnnwith soul amp passion nnxx xx,joy
mannersaboveall laugh louder time shaking head really cheesy wasnt,joy
teamgrout glee,joy
mate thing get excited profession mad client said opened bowel im rejoicing,joy
mickeyplyler qualktalk ref gts favor tonight,joy
niceonewern alottapain gleesome threesome,joy
cigarette burning lauras hand angle chin purse lip gorgeous transitionlaurengrodstein,love
meant,love
got asked hoco instagram dm bc someone lost bet love maturity people grade,love
bietron dont sad btw good night davinago sleep larh,love
focus dont let others love define youre happy dont let make bitter get hurt,love
sadness leaf broken bed hold depth despair name love,love
follow girl tiff got follower tiffanyr,love
patti seems sad stamped ran behind sofa give plenty love affectionmore usual sad,love
believed fear allah believe messenger give double portion mercy quran,love
saved ordering risk life didnt panic stayed calm rescued,optimism
may optimism tomorrow foundation today,optimism
rejoice birth grieve funeral person involved mark twain,optimism
gloriosa bazigaga rwanda work lost relative genocide yr peacebuilding given optimism within power,optimism
point living optimist foolish enough believe best yet come peter ustinov optimism quote,optimism
told chiropractor im good time long time questioned habit yet unnerved doctor,optimism
much hair nightmare also soft guess winlose situation,optimism
carry wayward son therell peace done lay weary head rest dont cry supernatural,optimism
embarrassed saw u like knvfkkjg think stalker n start waving cheerfully inviting u,pessimism
jeremycorbyn magstogether god jeremycorbyn full shilling seriously need major rethink lab gove lifetime sad,pessimism
mmmm im kinda sad hope shake school,pessimism
one want win wild card play cub road sadness,pessimism
mendiphillsaonb think swallow swift gone photod night ago seen since sad autumn,pessimism
wishing rich didnt get morning poor sleepy sad needsmoresleep,pessimism
week full monday end disheartened,pessimism
possible changing med best done stress difficult tell part despair circumstantial drug,sadness
gutted dropped one earring sink school,sadness
antoboyle wish could someday come spain play cant believe im going see sad,sadness
summer officially end today sadness,sadness
final vestige childhood dashed shoal hearing house cover tracy chapman fast car dayjob,sadness
made world empath unhappy,sadness
finally leaving first job soon ive working since going kind bitter sweet,sadness
brawndo cure depression mikejudge idiocracytoday,sadness
health think depression feel like,sadness
muscled man huge heart messing brain heart lost confused,sadness
texan astros shut tonight houston back normal texan astros sadness loser,sadness
last episode makingamurderer poor brendan glad appeal shocking crime documentary reallife,surprise
thixotropic sudden hasnt sunk yet leo knew coming,surprise
ronaldo shocking he tried skill twice he nearly fallen time,surprise
im confused new american horror story,surprise
tulsa police manufacture murder wonder carry burner maxlevelz shake,surprise
hollylolly serious respect man pull bun better like maybe teach way,trust
wildrovertours thank follow good website cheering hassle,trust
tabstamlyn larahunt next time ill make sure everything sparkling clean,trust
janhopis found first episode bojack incredibly funny got le funny stayed drama,trust
riggs dumb as hell lolol hilarious lethalweapon,trust
american school lively,trust
accept challenge feel exhilaration victory,trust
ever stayed hostel overseas frame reference movie hostel know went,trust
prosyndicate thanks replying im ironing shirt id love meet get autograph sadly im young travel,trust
